text,favorite_count
Wallahi this country is finished ğŸ™ğŸ˜­
film atatouille
ok gas ok gas
1998 S2
gini amat masa mudaku jir
"urusan sandang, pangan dan papan kita sebagai rakyat udah terusik dan diacak-acak loh ayo come-on guys kekuasaan tertinggi itu di tangan rakyat ayo kita bisa lawan"
semua tutup telinga dan matağŸ˜ğŸ˜ğŸ˜
takut tinggal di indonesia
"BANGKIT......
BERSUARA.....
LAWAN......!!!!
LAWAN.....!!!!
LAWAN.....!!!!
ğŸ’ªğŸ’ªğŸ’ªğŸ’ªğŸ’ªğŸ’ªğŸ’ªğŸ’ªğŸ’ª"
"mau bikin video tiktok, mau cuma repost, mau cuma komen, mau demo turun ke lapangan, everything does matter karena sekecil apapun perjuangan tetaplah perjuangan, semangat teman temanğŸ™ŒğŸ»ğŸ™ŒğŸ»ğŸ™ŒğŸ»"
"terima kasih banyak mahasiswa yang telah turun ke lapangan memperjuangkan kepentingan rakyat
jangan pedulikan ketikan buzzer yg menyebut kalian mahasewa atau apapun.
kalian hebat dan sangat berjasa."
"ya allah,lindungi mahasiswa yang menyuarakan suara rakyat ini,semoga allah memberi jidayah pada para peminpin kita,liat mereka mahasiswa yg memilirkan masadepan bersama"
"plis pengen pindah ğŸ˜­ tolong bawa aku keluar dari negara ini,aku udah ga kuat ğŸ˜­ğŸ˜­"
kabur aja dulu
gw blom ngerasain makan gratis anj
ga demo ga berubah
"Mantap bang, informasinya jelas ğŸ”¥,"
Ramein bro
"mahasiswa yang demo itu kebanyakan dari jurusan hukum, ilmu politik, dan ilmu kepemerintahan dan orang mereka itu 90 ana pejabat, anak DPR dan anak kader partai yang pasti mereka membela keluarga mereka"
"ya Allah. lindungi lah mereka para mahasiswa, siswa siswi, akademisi dan lainnya dalam memperjuangkan hak rakyat. selemah lemahnya iman yaitu dengan do'a. aamiin ğŸ¤²ğŸ¤²ğŸ¤²ğŸ¥º"
"semua punya sudut pandang masing jadi kita hargai itu karena negara kita negara demokrasi, jadi buat yang demo semangat karena itu sudut pandang kalian dan buat kita yang tidak ikut demo yang tetap mendukung pemerintah kita hargai aspirasi mahasiswa. ingat kita ini ""bhineka tunggal Ika"" walaupun kita berbeda tapi kita tetap satu yaitu bangsa Indonesia.ğŸ™ğŸ‡®ğŸ‡© hidup rakyat Indonesia (merdeka)"
"lowongan kerja harus pendidikan d3 sampai s1 apalagi harus punya pengalaman kerja maksimal 1 tahun ke atas, punya skil ini anu itu padahal kerja nya mudah dan gaji dibawah umk"
"mana katanya mau efisiensi di bidang pendidikan ğŸ˜­
brooo, biaya kuliah dah mahal masa mau tambah mahalğŸ˜­"
beli bensin pake barcode antrian jadi panjang dan lama kasian juga operator nya.. beli gas pake ktpğŸ˜­gaji masih banyak yg di bawah standar sejahtera sedangkan jam kerja sama dengan yg gajinya di atas
Jangan putus harapan tetaplah semangat untuk berjuang bagaimanapun keadaan kita. Di ujung ini Allah SWT sudah mempersiapkan Imam Mahdi yg akan memenuhi seluruh muka bumi dg keadilan setelah sebelumnya dipenuhi dg kedzaliman.
#bayarbayarbayar
"MAHASISWA â
MAHASEWA âœ”ï¸"
"DAN GELAPNYA SANGAT PEKAT,...."
"#IndonesiaGelap
ngeri"
"apa sih yg di harapkan dari presiden yg baru menjabat belum sampe 2 tahun ??
sekelas kepala gudang aja butuh waktu buat beresin gudang yg berantakan dari kepala gudang sebelum nya"
tumben min sof spoken
"nge tes kesabaran rakyat terus sih si jokowi prabowo gibran, sengaja minta dicopot ğŸ˜’"
say it louder!!
"memburuk di bagian mana ya? , listrik diskon, hrg jual sawit,karet mahal ,beras hrga standar ,minyak dan gas ngk langka ,hrga biasa sblm pk Prabowo hrganya segitulah. ap ny yg memburuk?"
lalu bagaimana cara rakyat biasa untuk mendemo kegiatan mahasiswa yang seperti di tunggangi pihak tertentu? seperti efisiensi yang tidak mereka pahami sepenuhnya ğŸ™
Tuntutannya lucu
Terus terang. Jadi sebetulnya siapa yg pantas untuk menjadi presiden 08 ?
artinya udah malem bang
"gw jadi ingat ada orang bilang ,Prabowo akan menjabat namun hanya sebentar"
rumah ku gelap vouchernya habis
ramutu
dari rakyat oleh rakyat untuk......
semangaat guys!!!
sebelum rame
semuanya manis di awal doang
Mahasewa Hama
pilih lagi tu presiden
sehat sehat para Remaja IndonesiaâœŒ
jadi intinya apasih? kalo ga di demo rugi nya apa buat kita?
weehh blom lebaran ğŸ˜© udah dulu napaa
uud= ujung ujung nya duit
sekarang kalian udah nyesel kan pilih Prabowo untuk jadi presiden Indonesia!?
"capek apa?
capek sama negara sendiri yg makin rusak"
dlu waktu jaman Bpk SBY ayem adem ajaa
Masa Muda ku gini amat ya?
Kaltim bilek : lagi santai kawan ğŸ˜
#mahasiswa gelap
Dpr anj
tunggu aku jadi presiden
ya Allah knp masa remaja gua begini
harga ganti kewarganegaraan?
gini amat masa depan gwğŸ˜­ğŸ˜­
jadi sekarang kita kek manağŸ˜­
Negara kocak
sebenarnya ada pejabat yang dirugikan sama pemerintahanya Prabowo dan mereka mencoba segala cara untuk menjelekan citra pak Prabowo
#indonesiagelap
sila ke lima...
"menurut gw mah, mslhÂ² kaya gini juga sengaja biar ngetutup masalah pagar laut"
bayar bayar bayar
wkwk 100 hari kerja harus sempurna.
Jawa=Hama
indonesia gk bayar listrik
":sekolah ya gratis
dana bos masih utuh
KIP jalan
beasiswa jalan...
mereka ini LG demo apa sih..."
Indonesia punya 2 hastag yang sedang viral #indonesiagelap #kaburajadulu
"indahnya tinggal di pelosok desa... hrga sawit mahal, padi mahal.... bbbeeeehhh.... seruput kopi dlu gk sih... ğŸ˜"
Tuhann kenapa aku di lahirkan di sini
MAHASEWA=HAMA
Jadi sejarah 100th akan datang
ini hanya bayaran dr oknumÂ² tertentuğŸ˜‚
#indonesiaGelap
seandainya negara kita macam korutt
Panjang umur mahasiswa
nah kan
VERSI #ARTISTBERSUARA BG!!
min gerinda aplot VT terbaru noh bener apa kaga ? draft nya aja ga di post gmn mau percaya min ğŸ˜³
"demokrasi tidak rusak, tapi dari dulu memang gk ada"
Bravo mahasiswa ğŸ‡®ğŸ‡© ğŸ˜ğŸ‘
makin seru aja nih Indonesia
takut banget anjir
Kalian mau pindah kemana?
#Indonesian belum merdeka
"5. Keadilan sosial bagi seluruh rakyat indonesia
yakin masih ada?"
kayanya orde baru bangkit kembali...
#Mahasewa
harus bangun siang biar terangg
salahnya dimana
gw masih remaja aja takut
untung ga ada aksi terorisme ğŸ—¿
Emang napa si kalo di suruh liat akun Gerindra? ğŸ’—
komennya banyak buzzer bjirğŸ˜­
BPK Prabowo lagi buat alat
#TOLAK RUU TNI
#IndonesiaGelap
salah siapa milih presidenya prabowoâ¬›
gmana caranya pindah ke negara lain ngabbb
semoga harapan itu masih ada
cahaya yg terang masih bersembunyi
dana pendidikan ga ada di pangkasğŸ¤£
insya allah
dpr anj
Blm menjabat lama padahal
Justice for IndonesiağŸ”¥ğŸ”¥
okegas okegas
pas Prabowo dilantik indo langsung down parah
pancagila muncul wel
sekolah ku blom dapet makan siang
mahasewa yang adağŸ¤­
apakah 17agustus akan tidak dirayakan?? â˜ ï¸
ya Tuhan masa remajaku..
mahasewa 40 rb
"bukan cuma wasit laliga yang buta
tapi begitu juga hukum di indonesia"
ADILI JOKOWI
buru buru bikin IKN sih parah
makan aja gratis aja ga usah mikirin sahamğŸ¤£
#IndonesiaGelap
pentingnya dengerin sampe abis ğŸ¥º
"saya bukan buzer , saya masyarakat biasaa.mau bertannya, knapaa Mahasiswa tidak demo tentang RUU perampasan aset , padahal jelass"" bobroknya negara karnaa koruptor..tolong di jawaabb."
"Apa yg kalian pilih itulah yg kita akan nikmati, nikmatilah,, dan bersabarlah anak abahğŸ˜¢"
ada sisi terang. intinya merubah pemerintah. dan memperbaiki satu persatu bidang. mulai dari 0.pejabat pecat semua yg menyimpang. Hukum tegas.
mungkin.
udah di bilang pilih ganjar
kerna itu banyak negara tolak mantan tentera menjadi president..kerna jika mereka menjadi president mereka ngk pikirin rakyat yang mereka pikirin ada alat tempur aja..fikir2kn
#berbeda beda tetapi sama rakusnya
#darkindonesia
"beras habis !!
ğŸš
â•°ğŸ¤“ï¸¿
ï¸¿ï¼‰
ã€ˆ"
ank sekecil gw harus tinggal disinj
"Oke gas oke gas ,"
pantes ujan trus
lanjuttkan
halo
"cemangaaat kk, makasi sdh mewakili"
cepat pulih indonesiaku
idup rakyat yg cerdas
halo bg
semangattt
udahh gkk tau lagi gimana kedepannya
"""anak abah"""
upp
mahasewa=hama
perasaan ketika yang m kalah pasti kayak gini... klo m menang pasti adem...
#indonesiagelap
udah di bungkam ya min?
"2025
#kaburajadulu
#indonesiagelap
apalagi ?"
"Yg gw heran dulu saat Jokowi menjabat presiden, mahasiswa ga se sensitif ini, skrg tbtb mahasiswa seakan bicara paling lantang, padahal dulu juga bnyak bngt kebijakan yg ga pro rakyat"
cari kerja tambah susah kalau kek gini
Revolusi ğŸ‘ğŸ‘
kok tuntutannya terlihat sedikit janggal ya? apa ini cuma perasaanku saja
susanti aja pindah ke Malaysia
no. 5
Beliau menjabat belum Setahun. Tolong berikan Beliau kesempatan membuktikan kerja keras nya untuk Indonesia ğŸ™
negara apa sih ini
"D=dewan
P=penindas
R=rakyat"
padahal udah ada berita harga beras petani yang dibeli bulog naikğŸ˜
"#tolakRUUTNI
#TolakRevisiUUTNI
#PeringatanDarurat
#IndonesiaGelap
#TolakDwifungsiABRI"
"apa fungsi masyarakat jika tidak diperjuangkan?
apa guna manjadi negara jika tanpa adanya satu dari semua?"
gelap buat Bahrain bang
#REVOLUSI
lah kemaren pada pilih siapa lee
save Indonesia ğŸ™
jadi keinget hard gunay pernah ramal klo presiden baru bakal d kudeta.. ğŸ˜­ smoga ramalan y salah
#SumatraMerdeka
"sebagai ibu rumah tangga biasa hanya bisa berdoa suoaya pemerintah bisa amanah utk memanage negara yg terdiri dari ribuan pulau ini.
Aamiin ya Allah.."
"Bang dari dulu setiap pemerintahan bikin kebijakan selalu di demo, tapi tetep berjalan ko sampe sekarang malah bikin kita lebih maju dari tahun ke tahun"
INDONESIA
Min win pakek nada rendah feel nya kek udah pasrah dengan kasus kasus nya udah numpukk banget
minta ap sih????
"saya hanya pengen dengar ini.
""jika ada suatu tempat yg gelap sekali dan sama sekali tidak ada cahaya,
maka saya akan memimpin cahaya ke tempat gelap itu"""
semangat kita semua
"Anggaran pendidikan mana yg di efisiensi, jelas yg anggaran yg di tiadakan kegiatan perjadin, seremonial, hut2, seminar pejabat, dll yg tdk diperlukan"
ayoooo..... semangat ğŸ¥°ğŸ¥°ğŸ¥°
jakarta hama
hhhhhmmmm
mendung
Bang kek nya kalau ini jadi kaya acara di tv kaya kompas tv gitu bagua tuh
UU Perampasan Aset selalu lewat dari pembahasan dan pengesahan menjadi Undang-Undang.
mana pas gw ultah lagi
koordinator Bem seluruh indo Herianto mas
#IndonesiaGelap? No bro is #IndonesiaTerang
"gw sebagai Gen Alpha gaenak bngt disini,pdhl lagi menikmati masa muda.."
"pegang kata kata gua kalo partai itu calon nya gak menang, pasti ada aja kekacawan yang terjadi ğŸ˜"
tujuan e podo ramudeng e ğŸ˜
kembalikan masa Jokowi
mau komen takut ilang
aku bisa sewa mahasiswa ga
KAMI BUTUH SOEKARNO!
"semangat Mahasiswa generasi penerus bangsa , kalian pasti bisa menegakkan kebenaran"
HIDUP MULYONO (kata peliharaanya)
"#indonesia gelap
#artis bersuara
AYO TAMBAHIN"
#indonesiagelap
"D=dewa
P=penipu
R=rakyat ğŸš«"
#INDONESIAGELAPğŸ˜¹ğŸ˜¹ğŸ˜¹ğŸ˜¹ğŸ˜¹
ğŸ˜‚
ğŸ˜¹
ğŸ˜‚ğŸ˜‚ğŸ˜‚
ğŸ˜
ğŸ˜‚
ğŸ˜«
ğŸ˜…ğŸ˜…ğŸ˜…
ğŸ—¿
ğŸ˜ğŸ˜ğŸ˜
ğŸ¥°
ğŸ‘
ğŸ¥°ğŸ¥°ğŸ¥°
ğŸ˜‚
ğŸ˜³
ğŸ˜¹
ğŸ˜‚
ğŸ˜…
ğŸ˜ğŸ˜ğŸ˜
ğŸ˜‹ğŸ˜‹ğŸ˜‹
ğŸ¥°
ğŸ¥°
@gerindra @DPR RI
ğŸ˜‚
ğŸ˜…
ğŸ˜‚
ğŸ˜‚
ğŸ˜‚
ğŸ˜­ğŸ˜­ğŸ˜­
ğŸ˜‚
ğŸ¥°
ğŸ˜
@partaigerindra
ğŸ˜
ğŸ—¿
ğŸ¥º
ğŸ¥°
ğŸ¥°
ğŸ”¥
ğŸ˜
ğŸ¥°
ğŸ˜
ğŸ—¿
ğŸ˜
ğŸ˜‹
ğŸ¥°
ğŸ˜­
@ao
ğŸ˜
ğŸ˜
ğŸ¥°
@bluepharadise
@sxasaxğŸŒ· pindah negara yok â˜ºï¸
ğŸ‡ºğŸ‡³ğŸ‡®ğŸ‡©ğŸ†—
@Nabila Taqiyyah stop dreaming soal pejabat...you are better than that...jd manusia yg bermanfaat itu lebih baik
ğŸ¥°
ğŸ˜Œ
ğŸ˜…
ğŸ‘‘
ğŸ˜‚ğŸ˜‚ğŸ˜‚
ğŸ˜
ğŸ’‹ğŸ’‹ğŸ’‹
ğŸ¥°
@partaigerindra
ğŸ˜Œ
ğŸ¥°
ğŸ¤£
@partaigerindra ğŸ˜¹
ğŸ˜³
ğŸ’ª
baru nyadar vo nya nggak ngebentak
ğŸ¥°
âœ¨âœ¨âœ¨
ğŸ˜ğŸ˜ğŸ˜
ğŸ˜‡
ğŸ—¿ğŸ—¿ğŸ—¿
ğŸ˜‚
ğŸ˜­
ğŸ˜
ğŸ¥°
ğŸ˜
ğŸ‘
ğŸ˜
ğŸ˜©
ğŸ˜”
ğŸ˜‚
ğŸ¥°
ğŸ˜‚
ğŸ¥°
ğŸ˜…
ğŸ˜
ğŸ¤£
ğŸ¥°
ğŸ˜­
@partaigerindra
ğŸ¥°
ğŸ˜‚ğŸ˜‚ğŸ˜‚
ğŸ¥°
ğŸ˜
ğŸ¥°
ğŸ™ğŸ™ğŸ™
ğŸ’‹
ğŸ˜
ğŸ¥°
ğŸ”¥ğŸ”¥ğŸ”¥
@STORY SADBOY
ğŸ˜‚
ğŸ”¥
ğŸ˜‚
@partaigerindra mana pak makan siang gratisnyağŸ—¿
ğŸ˜‚
ğŸ™ğŸ»
ğŸ˜
ğŸ˜
ğŸ˜­
ğŸ˜
ğŸ¤²
"ada orang tua yang pernah bilang ke saya.kalo prabowo jadi.. lihat saja.indonesia akan sengsara. tapi nanti liat saja hasil yang sebenarnya.. sama kayak jaman Soeharto.
ya semoga benar lah"
"kapan lagi punya presiden lagi pidato ngomong ""ndasmu"""
"aku, salah satu orang-orang yang gamau ikut ngejelekin negara acak-acakan atau pemerintah yg ugal-ugalan. sekacau apapun, ttp kerja. se parah apapun, ttp aku yg tanggung. lebih baik aku usaha lebih keras daripada buang-buang waktu utk saling nyalahin, kalo ga memungkin kan usaha lagi utk kerja di negara orang atau bahkan tinggal disana."
"HIDUP MAHASISWA, HIDUP RAKYAT INDONESIA ğŸ’ªğŸ’ªğŸ’ªğŸ’ª"
diblakang demo ada bumbu2 Sengkuni maju terus pak Prabowo
siapa suruh kmren milih prabowo?!ğŸ˜Œ
#indonesiagelap
"HIDUP MAHASISWA
HIDUP RAKYAT INDONESIA
ğŸ’ªğŸ’ªğŸ’ªğŸ’ª"
segitu banyaknya gebrakan prabowo pas menjabat.. jiaEllah musuh2nya mulai bergerak nih
demo aja lgii
#indonesiagelap
Yang demo anak abah semua ğŸ¤£
Biar pada makan tuh ok gas ok gas. Mlarat mlarat jogetin aje
#KaburAjaDulu
"""Orang di atas tidak ingin kita naik, maka mereka mengajarkan kita tunduk, sementara mereka terus berkuasa.""
kalian tau kan mengapa kita SDM nya rendah ğŸ˜"
#INDONESIAGELAP
#kabur aja dulu
"#kaburajadulu
brooâ˜ ï¸"
salah sendiri milih depan nya gemoy belakang nya kayak iblisğŸ—¿ salah siapa salah sendiri
#Pemerintahemaswarganyacemas
Supersemar PT.2?
perasaan nih negara makin lama makin hancur dahğŸ˜­
semua presiden aja sono didemoinğŸ˜
"Indonesia tidak kekurangan orang pintar,tapi kekurangan orang jujur
ginii amatt masa remaja gw cyu"
"Salam Dari Malaysia, uhh nikmat ouh minum kopi ntar akhir bulan bisa claim bantuan berupa uangğŸ˜ŠğŸ˜‹"
bukan cuma emyu yang ladi era kegelapan
sehatkan indonesia
apakah ramalan Jayabaya akan terjadiğŸ¤”ğŸ¤”
PDIP berpikir ngirim mahasiswa bikin kisruh bisa menghalangi proses hukum si hastoğŸ¤£ğŸ¤£ğŸ¤£ğŸ¤£ğŸ¤£
jadi keinget keadaan indo di film gundala tapi moga aja ga terjadi
ğŸ˜³ğŸ˜³ğŸ˜³
ğŸ˜­
ğŸ¥°
ğŸ˜³
ğŸ—¿
yang milih prabowo mna nihh
"ingat kata mystic flour cookie""once again i face the selfish greed of another"""
"ubur - ubur ikan lele, prabowo omon omon le"
"coba ngumpul sini yang nunggu beritanya Demo Mahasiswa ""SAHKAN RUU PERAMPASAN ASET"""
â¤ï¸
masa sih Prabowo bisa kehilangan jabatan di waktu dekat.
yakin aja sama prabowo
"udah nampak jalan nya ingat pesan ini ""bahwa bapak Prabowo Subianto akan turun dan si gantikan sama Gibran maukah kamu di pimpin sama presiden yang agak konyol dan lamaÂ² China akan menguasai Indonesia"
tetap saja prabowo tersandera oleh balas budi
liat komen isi nya debat bahas presiden dahulu disini konten menjelaskan banget ya bahasnya bawasanya era prabowo udh banyak banget timbulnya masalah yang ada di vido masih ajh salahin jokowi
gila sih tiktok banyak bgt buzzernya pdhal keadaan negara udh kaya giniğŸ¥º
gua kalo dulu calonya bukan ganjar ama anies gua nggak bakalan milih prabowo sih
mau komen Disuruh lihat akun Gerindra ğŸ¤£
ngeri banget komen di tiktok banyak buzzer berkeliaran ğŸ™
gak sia-sia gw nyoblos pak Prabowo indoensia jadi asik gini
"belum selesai #kaburajadulu eh malah muncul lagi #indonesiagelap, gini banget indonesiağŸ—¿"
#IndonesiaGelap
dipaksa sehat di negri yang sakit #indonesiagelap
"Ngeliat buzzer disini cuma mau bilang ""Kalo kalian semua sudah dibodohi"" kita semua harusnya kompak untuk bersatu setelah melihat ketidakadilan di negara ini, apalagi seorang presiden dia tidak bisa menggunakan pemilihan diksi yg benar dan selalu berkata 'Ndasmu'"
"#indonesiagelap karena memilih demokrasi, yg akhir nya membuat negeri ini dikuasai pengusaha yang berkomplot dengan penguasa"
"ğŸ˜‚ğŸ˜‚ğŸ˜‚ğŸ¤£ğŸ¤£ğŸ”¥ğŸ”¥ğŸ“ŒğŸ˜
ha..ha kok baru nyadar, Ingat BRO'..!! sdh bs di prediksi dan ditebak prabowo secara langsung atau tdk langsung msh ada benang_benang merah kaki tangan jokowi.ğŸ˜ğŸ˜ #IndonesiaGelap"
#indonesiagelap
dipaksa sehat di negara yang sakitğŸ¥€
"temen gw ikut aksi Indonesia gelap, tp pas demo selesai, dia di kasih 150rbğŸ—¿.
jadi Indonesia yg gelap atau mahasiswa yg gelapğŸ—¿"
Buat kalian yang ngerasa ini ngga ada dampaknya bagi kalian. Cepat atau lambat pasti ada dampaknya.
mahasewa
warga sipil yg mana wooiii
"Terkadang gw mikir y, yg demo2 gt menyerangny kan bukan personal tp nyerang posisi jabatan. Mngkin gw jg paham krn trmasuk gen z. Tp knp pas demo2 gt yg disampaikan malah bnyak kata2 kotorny bukan"
"mahasewa
â–€â–ˆâ–€ â–ˆâ–€â–ˆ â–ˆâ–‘ â–ˆâ–€â–ˆ â–ˆâ–‘
â–‘â–ˆâ–‘ â–ˆâ–„â–ˆ â–ˆâ–„ â–ˆâ–„â–ˆ â–ˆâ–„"
"ke campus pake BBM subsidi , demo indonesia gelap ğŸ¤£ğŸ¤£ğŸ¤£"
gw si mendukung Indonesia gelap
"terimakasih pak prabowo, yakin bisa membenahi negeri ini."
"tidak menuntut kemungkinan tragedi 1998 akan terulang kembali ğŸ¥€
#IndonesiaGelap #KaburAjaDulu"
bentar lagi ada yg bilang cek akun gerindra
#indonesiagelap
"nyeselkan milih Prabowo, mending Anies"
"woakwkkkwkw padahal isi program Prabowo pro rakyat semua, ini lagi panas panas nya kah ga bisa jajan sebarangan lagi, ga bisa gelapin sana sini lagi, terus lagi panas banget kah soal kader yang katanya kalau di tangkep mamah chan bakal amanin, tau tau nya udah jadi tersangka aja tuh anak mama chan, mana pada di bela lagi ğŸ˜¹"
"#indonesiagelap itu karna nanti kedepan ny mahasiswa ga dapet lagi proyek untuk demo"""
spaa sih yang milih Prabowo ğŸ˜¹ğŸ˜¹ğŸ˜¹
"jokowi pro aseng salah, prabowo yg sdh jelas2 jg pro rakyat, tetap salah. sabarlah dulu. kalian aja mau pergi demo gak langsung sampai di lokasi demo, tp ada prosesnya."
"Indonesia darurat, Indonesia gelap. atur aja atur, soalnya negara ini punya bapak lu, dan mega jawab mang eak wkwkwkwğŸ˜œğŸ˜œğŸ˜œ"
#Indonesiagelap= abis demo dapet duit
"namanya jga perubahan, pasti ada resikonya. kalau serba iya iya kacau negara. keren pak prabowo"
ğŸ˜‚
"fomo anjir yg demo"" juga rata"" yg dapat kip terus di beli ip wkwk"
udh dong takut gw
#indonesiaanarki
like banyak berarti setuju dong kalau hastag #indonesia gelap nyata orang yang berbakat gambar aja gak mau ada ai
"sudah malan atau sudah tau,gomong jago maju teryata di dalam hati ketakutan kita terlalu di manja sama negara sendiri sampai melupakan kalo kita gomong tak berharga,apa guna ya buat #artistbersuarağŸ˜”"
berfikir jernih dong jng ngerusak2 gituu katanyaa mahasiswaa ko giniğŸ¥º
https://chat.whatsapp.com/IoxUZL4GQPCCGJVKexR8Ch
"preeet anak abah dan anak banteng, mahasewa yg suka jual nama rakyat, rakyat yg mana broğŸ˜‚ğŸ˜‚ğŸ˜‚"
kenapa poin PERAMPASAN ASET gak ada MAHASEWA ? ğŸ˜‚ğŸ¤£
@Antara aku dan kamu komen nya dong ğŸ¤­
padahal udah gelap dari tahun2 Kemaren baru pada nongol sekarang ğŸ˜
"Masing2 maqom sudah ada ukuran ujianya pelajari esensinya /maknanya ,semakin tinggi maqom semakin besar ujianya, ttp istiqomah pak jokowi ğŸ¥°ğŸ¥°ğŸ¥°"
"#indonesiaGelap
T nya apa semuanyağŸ¤£"
"tolong dong pak PULICI, sediakan menu disemua kantor anda agar kami tau berapa harga yang harus dibayar untuk setiap kasus yg di laporkan ğŸ™"
"padahal sudah DIINGATKAN LEWAT ""DIRTY VOTE"" masih aja dipilih yg gemoy gemoy .. Alhamdulillah sy bangga milih abah Anis baswedanğŸ¥°"
gw msih mikirin gmn negara ini masa orde baru 2.0 sumpah sampe ga bisa tidur gw
"Somehow gw kagum sama negara ini. Dengan pemerintahan sekacrut ini sampe level terkecil, ini negara belum bubar juga, belum riot juga"
UU PERAMPASAN ASET BAGI KORUPTOR BELUM DI SAHKAN SAMPE SEKARANG TAPI GAK MASUK TUNTUTAN JUGA YA WKWKWKWK!!!
gw GK ngerti cok
"mending push rank,mumpung dark system lagi demoğŸ—¿ğŸ—¿"
#ratatouille
waduh awas buzzer cringe uneducated
"sedih jadi mahasiswa
giliran demo dibilang mahasewa
giliran susah rakyat dibilang mana mahasiswa"
"era prabowo bener2 ancurr, pdhl baru 100 hari"
mungkin di tahun 2045 bukan Indonesia emas tapi Indonesia gelap Ama korupsi
pantesan 3x nyalon ga pernah menang pemilu prabowo mimpin nya aja bobrok gitu
"takut mengkritik soalnya disuruh liat akun gerindra, takut mengkritik soalnya harus jadi presiden dulu, takut mengkritik soalnya akan disebut mahasiswa sewaan"
"ok gas ok gas, Indonesia gelapğŸ˜¹ğŸ˜¹ğŸ˜¹"
"mau komen, takut disuruh liat akun gerindra ğŸ˜‚"
bro..!! sdh sejak lama rezim pemerintah tercium aroma busuk yg tdk ada niatan u.mencerdaskan anak bangsa agar tdk kritis dlm koreksi kebijakkan pemerintah yg ugal-ugalan.ğŸ˜‚ #IndonesiaGelap
bayar polisiğŸ”¥ğŸ”¥ğŸ”¥
buzzer gak cuma skincare
pengen kabur tapi biaya diluar negeri lebih mahalğŸ—¿
korupsi semakin membudaya di Indonesia #indonesiagelap
"Demo itu gpp, asalkan tidak berlebihan"
"heran, program makan gratis doang gmn mau maju, mentingin perut. berpikir pake logika, kerja, dpt duit, bisa beli makan. hdeh"
Ingat novel ra kartini habis gelap terbitlah terang jangan menyerah ğŸ”¥ğŸ”¥
"kedaulatan di tangan rakyat, tapi rakyat di bodohi oleh pejabat, dan pejabat di kalahkan oleh duitğŸ—¿
"" duit hanya sebatas kertas yg di cetak tpi mampu menggerakkan dan mengendalikan segalanya"""
Yang gua gasuka itu Pendidikan dan Kesehatan itu bukan prioritas ğŸ¥²
"polisi=hama
palestina=hama"
UUD=ujung ujungnya duit
jangan lupa demo RUU perampasan aset
wkwk bnyak buzer kmpangğŸ˜¹
semangaattt yaa buat semua!! negara ini punya rakyat bukan punya oknum siapapun!!!
"1998 akan kembali, siapa sedia semua nya"
keadilan sosial bagi seluruh rakyat kelas atas.
"RataÂ² yang demo mahasiswa jurusan hukum, kenapa mereka demo? karena mereka nanti akan gantikan bpak nya kedepannya, makanya mereka takut dengan kebijakan pak Prabowo"
demo mulu kek rakyat di dengerin aj ğŸ˜
#DEMUDULUBARUKABUR
maaf ya mahasiswa sebelum kalian demo soal ruu perampasan aset gua kagak percaya sama loe
"pendidikan dinomor 2kan, ga yakin gua Indonesia menuju emas!"
mau liat Indonesia maju? hilangkan semua koruptor di Indonesia
enak kan jaman dulu
kok gw dari maren kepikiran ama gas ya karena urusan tangan para pelaku korupsi ğŸ¤”
jadi gini mampir dulu VT gw
"Demi MBG & Danantara, semua pembangunan infrastruktur, jalan, tol, bendungan, pelabuhan, bandara, IKN, di STOP semua. Mana ga bisa diperiksa KPK. Kacau sih programnya."
Kalo demo jangan2x bawa rakyat kuping ku risih dari dulu guwe gini2x aje
gak ngoros. penting gabah sama beras di mahalin sama prabowo seneng aq. soal e aku tani.
uda kacau ni negara
mahasewa fomo
gulingkan pemerintahan kita ulang tragedi 98
"ngantuk liatnya, ortunya pada di tangkepin si jadinya gelap"
rusak
10 tahun sebelom2 nya ga ada ya ..
ngk ada televisi d negara kita yg indefenden bukti nya...ngk ada satu pun yg meliput aksi demo....cm sibuk dgn retret kepala daerah dan sikap PDIP
saya cuma disuruh pak ğŸ—¿
yang kemarin dinamain demo? cara nya aja salah
apakah kita akan memanaskan mesin yg sudah lama tidur ini ğŸ’€
udahlah ngapain demo kan yang terpenting makan gratis tabrak tabrak masuk ğŸ¥°ğŸ¥°ğŸ˜‡
indonesia gelap mo kiamat kah
UUD= UJUNG UJUNG DUIT
kayak di cina dulu tragedi di thn 1989 pendemo digilas tank sama militer dri pemerintah
"MIRIS sekarang liat influencer 2,menyudutkan mahasiswa yg berdemo,padahal orasinya fakta,tidak peduli dibayar atu di tunggangi setidaknya masyarakat tau faktanya,kalok gk ada yg bersuara lgi gimana?"
"cih ini hanya segelintir tikus yg berada di badan garuda kita. ini belum apa apa bagi sang garuda, dulu dia pernah menghadapi yg lebih besar dari pada ini. garuda tetaplah garuda. tentang kasus pemuda yg ingin pindah, garuda pernah hampir kehilangan sayap nya satu (aceh yg ingin memisahkan diri pada tahun 2005 lalu). tapi ia bisa mengatasi nya. jadi kita jangan anggap remeh kpd negara kita, dengan mudah nya kita menggungkapkan tentang niat ingin pindah dari tanah ini, tanah yg telah diperjuangkan oleh leluhur kita. dari bawah tanah tempat kita dibesarkan ini, para jiwa jiwa pahlawan menjerit, menangis, merintih, memohon agar kita sadar, diam dan mulai membangun negri ini, jika hanya segelintir orang bagaimana bisa?. jika bukan kita siapa lagi?. ~pejuang garuda"
"padahal yang jadi ketua BEM aja nnti masuk ke politik juga,ğŸ¤£"
"GK da angin gk da pa minta yg aneh2ğŸ˜†. fokus aja dulu satu2 maunya apa. misalkan, kami mau kerja enak santai tapi gaji 2digit. atau kami ingin polisi berkualitas layaknya james bond. aneh2 aja mahasiswa genz. realitas kehidupan ya gitu. mau kayk gini, nanti muncul masalah ini. mau kyk gimanapun pasti ada masalah baru dan sisi buruknya"
"PENTING buat bangsa kita. UUD PERAMPASAN ASET. untuk menekan para korupsi.
kenapa? kenapa? DPR susah dan terbelit belit. Buat Menandatangani RUU perampasan aset ?
KAPAN INDONESIA MAJU"
"kabarnya RUU perampasan aset kenapa tidak dimasukkan dalam aksi demo tersebut,,"
"Mahasiswa itu Cuma Alat Pemerintah.
#Fakta"
jadi tsk langsung Indonesia gelap ğŸ˜‚
@Noviaa @kareennn @kutil lang
buzzer rp ini kalau perampasan aset geh lu pada diem jadi mahasiswa yg lebih pinter
cuma semut yang diinjak tikus
ramalan the Simpsons Indonesia menghilang
"gak dapat ngapain ikut demo, terserah Indonesia hancur apa tidak"
#TOLAKRUUTNI
Mahasiswa yang bijak seharusnya memperjuangkan hak RAKYAT dengan memberi SOLUSI bukan hanya KRITIK. Karena yang dibutuhkan saat ini SOLUSI dan TINDAKAN TERSTRUKTUR. âœ¨
Prabowo B nya apa...bawok
kerja euy
kok gk nuntut perampasan aset juga loh mahasiswa?
nanti kali ini saya gak dukung mahasiswa
COBA LIAT AKUN GERINDRA WKWK LAWAKK KALIANN
"Coba deh skali kali pimpinan negara ama teamnya tanya kita masyarakat maunya gmn? Gtu kek adain rapat gabungan diskusi bareng gtu tp jgn pake nawarin kerjasama biar org jd manut aja, gtuuuuuu"
"DANA NYA UDH TURUN, SOALNYA KEMARIN NUNGGU DANA GA TURUN TURUN. BEGITU DANA TURUN LANGSUNG BOOKING MAHASEWA BUAT TAMENG. ğŸ¤£ğŸ¤£ğŸ¤£ğŸ¤£ğŸ¤£ğŸ¤£
CERITA LAMA BRO, ğŸ¤£ğŸ¤£ğŸ¤£ğŸ¤£ğŸ¤£ğŸ¤£ğŸ¤£"
kenapa demo nya ke presiden doang
#Indonesiagelap
#kaburajadulu
ayo lah masa Indonesia mau hancur
mreka yg demo ini kelak pasti ada yg akan jdi pejabatğŸ¤£
sekarang mahasiswa kalo di kasih uang juga mereka mau demo ga kaya dulu kalo demo emang lagi ada masalah tapi sekarang yang penting ada cuan mahasiswa pada turun
#indonesiagelap
"ğŸ˜ gelap nya bem, yg bermasalah otak mrk skolah bukanya bisa menciptakan sesuatu tpi bikin beban ortu sih pastinya"
"#indonesiagelap
#indonesiagelap"
"17 februari
ko bisa sama
17% suara ğŸ¤£"
"reformasi kepolisian Indonesia itu wajib, wajib banget"
DARI DLU JGA UDH GELAP NI NEGARA
coba demo kayak gini tuh pengesahan UU perampasan aset bagi koruptor ya ğŸ™‚â€â†•ï¸
"gila ni atasan"" negara"
"lekas sembuh Indonesia kuâ˜¹ï¸ğŸ’”
lekas siuman sila ke 5ğŸ’”"
"INDONESIA GELAP ? BELUM RASAIN KAH KEK MANA NYARI KAYU BAKAR TIAP MINGGU 3x. Enak sih gratis, tapi lu bisa?
gua udah rasain. Mahasiswa sekarang maunya enak liburan trus, kerja gaji 2 digit.
Gelap?"
"dari jaman penjajahan yang selalu sengsara rakyat perjuangan Indonesia merdeka itu dilakukan rakyat sekarang rakyat masih sengsara sumpah pejabatnya gak bantu"" apa"" sama sekali"
mna ada tuh makan gratis di sekolah ku ngk ada tuh sampe sekarang
"ga ada point menggaungkn + tuntutan utk memiskinkan koruptor, semoga next demo ada memiskinkan koruptor di tambahin dahh + semoga ada demo juga klau ada dpr buat kebijakan nyeleneh dahğŸ—¿"
"mereka yg milih
mereka yg demo"
wo laper wo
"@partaigerindra noh kita takut, pak gerindrağŸ™"
yang coblos 02 malu berrrakğŸ˜‚ğŸ˜‚
"demo sekarang hanya untuk menjatuhkan sepihak dan memenangkan sepihak yg lain,bukan untuk masyarakat, selamat datang di mahaSEWA,yang pikiran kritisnya di sewa untuk kepentingan pribadi atasan"
Pindah pindah
lucu lucuuuuuuu narasinya ğŸ˜‚ğŸ˜‚ğŸ˜‚
Prabowo Subianto bukan Presiden Saat ini Prabowo Subianto Sebagai PERDANA menteri
one day #2030indonesiabubar
jangan buat orang susah dibikin lebih susah
perampasan aset ga gini deh
"#REVOLUSI
#FEDERASI
ViralkanğŸ”¥ğŸ”¥ğŸ”¥ğŸ‘ˆğŸ‘ˆğŸ‘ˆ"
tebakk ketuanyağŸ‚
RUU minerba udah disahkan bro
PRABOWO=DUKUN
#KaburAjaDulu
perampasan aset gak sekalian aja di demo?
Indonesia makin hancur
ayo joget bersama selagi masih enakğŸ˜
"Mereka melupakan 1 tuntutan penting, UU PERAMPASAN ASET!!ğŸ”¥ğŸ”¥"
ak padamu mahasiswa ğŸ˜Š
Mungkin aja ada cahaya dari kegelapan kalo pemerintah mau buka mata dan liat fakta lapangan dan ga terus membuat kebijakan yang malah menyengsarakan rakyat.
pengen komen takut di kira anak Abah lagi ups
menuju Indonesia cemas?
baru awal j udh bgni kn? mohon maaf kali ini saya setuju dg Mahasiswa
gini amat jadi WNI
ayo keluar dari Indonesia ğŸ˜”
#Mahasiswagelap
"mshu trussss
1kata lawan"
"harusnya itu bubarin DPR seperti Gus Dur dulu, kebanyakan partai politik hanya buat jual beli & pesanan ğŸ˜³miris, udah enak Kesultanan aja, adem ayem maju seperti jaman dulu"
makan tuh keberlanjutan ğŸ˜‚
#TOLAKRUUTNI
sila ke 5 masih ada tapi di langgar oleh beberapa pemerintah hebat ya bisa jadi pemerintah padahal minim literasi
sikap elit bobrok
gedabrus
usut juga semua petinggi polisi yg ada kaitan nya dengan boss judol
UU perampasan aset ko ga ada yang demo ya?
Indonesia gelap yang gelap kau bukan Indonesia ğŸ˜”
"sedikit fakta mahasiswa ui dibayar pd ip, banyak mahasiswa orang mskn yang dungu fomo demo wkwk"
ğŸ˜‚
ğŸ¤£
"prabowo udh berumur takutnya gibran yg jadi pemerintah, udh bener pilih anies"
#kaburajadulu
"mending kerja, cape ngurusin gituan"
"#indonesiabljarkorupsi
mahasiswa bljr korupsi dri KIP, mknya mahasiswa pd demo klo KIP di hilngkan.. bnyk anak orkay yg manipulasi data biar dpt KIP, knp gua brni ngomong gini? krna gua prnah liat scra lngsng bkn dri omongan org lain.. itu mngapa anggaran pendidikan lbih baik di alih kan ke program makan"
@â€ ğ†á¥£Ñ–sğ—á¥±á¥’ x ğ™†ğ˜¼ğ™„ â€ â“â“
"udah paling bener
#kaburajadulu"
Untuk mengubah indonesia lebih maju tuh belajar yg bnr kuliah yg bener bkn sering bolos pas matkul ntar ujung2nya klo udh d atas sm aja jdi koruptor
INDONESIA GELAP SE GELAP PEMIMPINYA tikusÂ³ negara
knapa perampasan aset koruptor gada gerakan?
aku capek sama rakyat Indonesia pdahal klen udah nikmatin yg di kasih sama pak Prabowo ğŸ™‚ tapi klen gak anggap itu ada ğŸ™‚
"cuma di Jakarta sana aj demo mahasiswa di Papua sini aman"" aj tidak ad tu demo"" kenapa yh malah pas di tanya kenapa tidak demo katanya ngapain buang"" tenaga mending fokus biar jdi orng besar & berguna"
ğŸ˜”
ğŸ¥°
mau bkin story ini tkut kenak bened Ig ğŸ”¥
ğŸ˜
dulu aja saat presiden jokowidodo aj GK gini
Capek sama negara sendiri
MAHASEWA
ga liat realita liat komen ngakak cik ğŸ˜¹ğŸ˜¹
#MahasewaGelap
dia dukungan rakyat berdasi karena rakyat berdasi tdk dapat anggaran
ğŸ¥°
hidup pak prabowo
ğŸ˜‚
#lawanmahasiswa
mau aja lo di adu domba ama banteng
#indonesiagelap
hamasiswa semua itu
pdipgelap ğŸ˜‚ğŸ˜‚
mahasiswa = rakyat ğŸ‡²ğŸ‡¨
mereka bukan mahasiswa tetapi MahasewağŸ—¿
#INDONESIAGELAP
justru Prabowo bagus
Soalnya kalo ga gini almamaternya nganggur bang
hama takut sama kebijakan president yang bener ğŸ˜‚ğŸ˜‚ğŸ˜‚ğŸ˜‚
ğŸ˜‚
"Tanpa kalian sadari di Indonesia sendiri ada 2 sosok Saddam Hussein yang pertama alm.gusdur yang di jagal sama beberapa orang yang tidak menyukainya dan beberapa rakyat SDM rendah, namun setelah beliau mengundurkan diri banyak masyarakat yang mengaguminya, dan yang ke dua BPK Prabowo juga adalah Saddam Hussein ver Indonesia, yang berusaha memberikan yang terbaik bagi rakyatnya, seperti makan gizi gratis, subsidi listrik dll yang sebelumnya tidak ada di negara kita, namun sekarang beliau berusaha di jagal oleh pesaingnya dan beberapa masyarakat SDM rendah karna kebijakan evesiensi anggaran negara, padahal fungsi utama kebijakan tersebut untuk melindungi uang negara agar tidak di grogoti para koruptor, dan tanpa kalian sadari juga dari zaman alm.gusdur yang dijadikan tumpangan penjagalan 2 pemimpin itu adalah mahasewa yang tidak punya prestasi apaÂ² bahkan kuliahpun dia sering bolos, mereka semua seperti benalu orangÂ² bodoh yang berselimut pendidikan, bahkan jauh lebih baik anakÂ² jalanan yang putus sekolah dan berkerja demi sesuap nasi yang mereka makan dan untuk keluarganya dibandingkan mereka."
sedih bgt liat negaraku ):
"ini gua masih blm ngarti asli deh.
makan gratis udah ada, kmaren gas langka tp beli di pangkalan lebih murah meskipun ngantri, trs aplg tuh kebijakannya bnyak bngt dan berpihak untuk rakyat."
mereka maunya anis yang jadi presiden bangğŸ˜Œ
TAU GAK INI DILAKUKAN UNTUK MEMPERBAIKI NKRI
#indonesiagelap ğŸ”¥
ğŸ˜
membangun sendiri.merobohkan sendiri
INTINYA ADALAHH TIDAK ADA PEMIMPIN YANG MAU MELIHAT NEGARANYA HANCUR
hama
"era prabowo seperti era sbyğŸ—¿
#indonesiagelap
#kaburajadulu"
"MAHASEWA DITUNGGANGI MAHASEWA DITUNGGANGI
fun fact banyak demo di indonesia yg dipimpin oleh bem yg punya kepentingan DAN INI FAKTA!!"
indonesia 98 terulang?
"orang aneh: Pick Prabowo Karena di req Jokowi, Gemoy, makan gratis"
"ğŸ¥ºğŸ¥ºğŸ¥ºğŸ¥ºğŸ¥ºğŸ¥ºğŸ¥ºğŸ¥ºğŸ¥º semangat guys, kalian pasti bisa"
salut kepada mahasiswa.. semoga Allah meridhoi perjuangan ini demi kemakmuran rakyat pribumi Indonesia
PRABOWO TIDAK BERGUNA JIKA BAWAHAN BEGINI MANA YANG SUKA PRABOWO TUH
"bkn ...indonesia gelap itu bg para korupsi , cerdas dikit lah klo ada yg menggerak'kn ...gk smua rakyat bodoh ."
ğŸ˜‚
ğŸ”¥
ğŸ¥°
ğŸ˜
ğŸ˜³
ğŸ”¥
ğŸŒ·
ğŸ™ƒ
ğŸ’—
ğŸ¥°
presiden yg cocok siapa
Indonesia darurat menghilang dari line ğŸ—¿
HIDUP MAHASISWA...!!!
ğŸ˜
"kelas menengah yg punya uang: kabur aja dulu
kelas menengah yg ga bisa kabur turun kejalan.
yang kelas bawah terus memelihara mental ngemisnya."
Semangaaaat #indonesiagelap biar nanti terang
kok sampai 5 ktanya 13ğŸ¤”
"rakyat mana takut..
kenpa RUU perampasan aset bukan di no 1 atau di prioritas kan.
itu sangat membantu masyarakat!"
Demo gitu borongan apa harian upah nya ? ğŸ˜‚ğŸ˜‚ğŸ˜‚ğŸ˜‚
@kennnn_ noh bakal di rombak kabinet nya bakal banyak PNS out niğŸ—¿
RUU PERAMPASAN ASET NYA KE BAWA KAGAK ?
"mau ikut demo, tp kehalang seraagamğŸ˜”"
"indonesia gelap indonesia gelap, pdhl lu masih hidup tenang dan nyaman gini di kira gelap."
"kehidupanku sudah gelap semenjak ada covid , aku sebagai pedagang pasar tradisional omsetku terjun bebas di rampas pasar online..."
"itu hanya hasutan dari oknum tertentu supaya program tidak berjalan,,"
jangan sampai para suku-suku adat kita yang turun tangan â˜ ï¸
memang gelap hujan angin wae
"kali ini aku ad dipihak mahasiswa.
salah satu poin tuntutan mahasiswa agar makanan gratis di kaji ulang, dan tekankan uu perempasan aset agar disahkan oleh DPR.
menurut ku makanan gratis habiskan uang terliunan hanya untuk jadi tai, knp tdk pakai solusi tekankan lapangan perkerja agar masyarakat kecil bisa kerja dan memberi makanan bergizi buat keluarga nya, bukan makanan gratis."
ada bang cuma sangat jauh dan sangat kecil yang hampir mustahil di wujudkan
endingnya kek lagu the Smiths nih
"maksud dari ""mahasewa"" itu apa?"
Wkwkwk ngeri kali buzer nya ğŸ˜… https://vt.tiktok.com/ZSMkHX1KE/
"Ingat ya para mahasiswa, target kalian pemerintah bukan masyarakat Indonesia ya! semangat semua. mertuanya aja bisa ditumbangkan apalagi cuma dia."
semoga hal diinginkan mahasiswa tercapai untuk rakyat
@chnd
ğŸ˜¹
mahasewağŸ˜¹
masyarakat miskin tuh bakal kalah di 2030 nanti
ğŸ˜
ğŸ—¿
ğŸ˜‚
"# Indonesia gelap
selamat berjuang saudarakiu.
kini saatnya kita berjuang sesuai kapasitas kita masing masing"
ğŸ˜¹
ğŸ˜
Mending jokowi dari pada parabowo
ğŸ¥°
"Kerja woy, ibu lu tuh kelaperan di rumah hahahahah"
ğŸ˜
"ketakutan para pejabat karena uangnya di pangkas ğŸ˜
#gwGAPEDULIAKSILO"
apakah suatu saat nanti kemungkinan ada rencana revolusi di indo.?
ğŸ—¿
Petrus=penangkap misterius
mau kayak 98 ? kabur dah ke luar negeri
ğŸ˜­
ğŸ˜‚ğŸ˜‚ğŸ˜‚
@edonovriansyah1011
tujuannya ingin masuk politik
ğŸ˜
ğŸ˜
ğŸ˜…ğŸ˜…ğŸ˜…
ğŸ’¬ğŸ’¬ğŸ’¬ğŸ’¬ğŸ’¬ğŸ’¬
"Aksi ini ga murni , ada yg punya kepentingan, ada janji yang di berikan kepada pimpinan aksi. ğŸ˜‚ğŸ˜‚ğŸ˜‚ğŸ˜‚ parah"
ya kan kmrn pada milih yg #keberlanjutanğŸ¤ª
ğŸ˜‚
ğŸ˜…
ekonomi semakin sulit pedangang makin sepi pembeliğŸ˜­
"#indonesiagelap
#kaburajadulu"
arek mahasiswa iku gorong tau golek duit dewe mene nek lulus dadi preman
2026 ganti mahasiswa ğŸ”¥
"Indonesia emasâŒ
Indonesia cemas
#indonesia cemas"
kenapa saya tertawa melihat aksi ini? yakin gw banyak drpd adik adik ini yg mempertanyakan kenapa ada beberapa tuntutan yang seharus nya ngga di tuntut. lebih tepat nya salah sasaran.ğŸ˜‚
gamau komen nanti disuruh lihat akun gerinda
demo apa nih ges kalo boleh tau
udah malam
"yg demo gua yakin hanya 1% memahami betul apa yg di demo, selebihnya ke makan provokasi sm buzzer"
"terlepas dari demo ini, gw seneng banget denger hasti udah ditahan kpk ğŸ˜˜"
Loe beli token diskon 50% juga kan wkwk
"kalo keadaan berlanjut spt ini, fix 2030 indonesia bubar"
YANG MILIH DAN TETAP TUTUP MATA SMPE SKRG PUNYA PENYAKIT DUNGU AKUTğŸ—¿ğŸ—¿ğŸ—¿
harga berapa mahasewa?
ğŸ˜³
mahasewa
"heyy yang beginian di demo yang perampasan aset buat Koruptor dan banyak uu yang dilupakan mahasiswa seketika perampasan aset,dll itu g pnting buat negara. yang seharusnya pnting dan merugikan rakyat + negara malah diam tutup tlinga g demo. menyala warga konohağŸ”¥ğŸ”¥"
sebelum gw ngerti arti kehidupan gw milih prabowo sekarang gw baru sadar ternyata pemerintahannya seburuk itu nyesel hehen
kasian yaaa
"ini nih salah satu rakyat Indo mudah Di kobok"".
liat komen cuman sebagian kecil rakyat yg sadar selebihnya konslet, di kobok media yg kompor, di kobok orang terpengaruh Dan anak buah"" nya ya contoh nya media ini. udah di bayar berapa??
pantes negara gampang di pecah belah asing. krena asing tau gk perlu perang untuk merusak negara Indonesia, buatlah Api Di tengah"" rakyatnya maka selagi sedikit yg memadamkan makan Ada kemungkinan semakin besar apinya."
nyari uang moral pun dijual ğŸ¤£ğŸ‘ teriak teriak DPR korup partai PDIP iblis merah dibiarinğŸ¤£ğŸ¤£
ğŸ¥°
"kenapa, kenapa saya harus merasakan khawatir untuk tinggal di negeri ini. kenapa banyak rakyat yang rela jual negeri ini hanya demi beberapa ratus perak. saya marah bapak/ibu, tolong jika kalian ingin menghancurkan negeri ini pada generasi kalian, jangan halangi kami untuk tetap berjuang agar masa depan kami lebih baik. jangan halangi kami untuk menciptakan negeri yang lebih baik untuk keturunan kami nantinya."
Buzzer 02 anyep kicep
"Salah satu tuntutan ""Desak Prabowo Subianto untuk mengeluarkan peraturan pemerintah pengganti Undang-Undang Perampasan Aset"". Lu mahasiswa bukan minta sahkan malah minta diganti"
saya harap semuanya diperiksa psikologisnya
"Kenapa info indonesia gelap ga pernah fyp ? kayanya orang2 kaga peduli dah, mereka heboh sendiri wkwk"
#ADILIMEGAWATI
Demo untuk pdip
uu perampasan aset kok nggk pada e demo?ğŸ¤”
"yg salah bukan pak prabowo, bukan kebijakan pak prabowo, yg salah itu pejabat yg ga terima sm kebijakan pak prabowo"
baru aja earlyğŸ¥°
itu tuntutan para lawan politik yang kalah kemarin ğŸ˜‚
CHAOS
habib baharrrr...... rakyat di permainkan
Yang demo anak2 pejabat yang anggaran kepotong gara2 efisiensi ğŸ¤£ğŸ¤£ petani mah ngopiğŸ¤£
coba isu nya tangkap dalang pembuat pagar laut
mahasiswa milik partai
Darurat mahasewa wkwk
Mahasewa gelap
kamu saja x ğŸ¤£ğŸ¤£
"mahasiswa, mahasiswa, emang benar Indonesia Gelap, sabar bro , ttp la bersuara, yg benar aj"
"banteng vs Garuda. dgr aj orasi slurh demo di slruh daerah. ""Hidup perempuan yg melawan"" trnyta inilah raja kecil yg merasa kebal hukum"
#indonesiagelapğŸ”¥
"@nooneshere:TOLONG DI UP
Template buzzer:
1. Barisan sakit hati
2. Ternyata tidak kuliah tidak terlalu buruk
3. Jangan bawa"" nama rakyat, rakyat yang mana. rakyat nggak suka sama mahasiswa
4. cerita t"
"baru juga lulus, gini bgt kehidupan"
Heran nya di setiap konten komenannya template ğŸ™ƒ
"gue tana sekarang, pihak mana yang nunggangi demo mahasiswa itu? lu ada beritanya? ada buktinya? mana??"
semakin bobrok sekarang
apakah kita salah pilih presiden?
ğŸ˜
People power solusinya....
UU perampasan aset koruptor kok gk jadi tuntutan bwang.
aku mau makan gratis ğŸ˜¡
ğŸ™
@â˜†_â˜… q
tolong ketua BEM UI suruh bangun dari tidur dulu. biar gk ngigau kemanaÂ²
mau aja percaya omonganya wowo ğŸ—¿
"skrg itu krisis ekonomi dampak terasa bagi rakyat menengah kebawah,contoh saya tdny usaha dagang namun lesu,skrg krj pabrik pulangny ngojol itupun msh blm ckp untk memenuhi kebutuhan keluarga,ini knp?"
SBY : ini sdh biasa kalau oposisi nya banteng
mahasiswa apa mahabodo ğŸ˜¢
udah baca dana yg di pangkas nggak sihğŸ¤¦ğŸ¤¦
#indonesiagelap#salahpilihomon
Udh kebaca smua yg menyewa mahasiswa
paling bener emg #kaburajadulu
"HIDUP PARA MAHASISWA/ WI YG TERUS BERJUANG UNTUK KEMAKMURAN RAKYAT ,,KKN YG NYATA DI DPN MATA DGN DEMOKRASI YG TAK JURDIL MELAHIRAKN PARA PEJABAT YG KORUP KARENA PUNYA PARTAI"
mampir
ğŸ¥°ğŸ¥°ğŸ¥°
di suruh sehat di negeri yang sakit
INDONESIA CERAH ğŸ’™ #kitagakankemanamana pak kita akan berjuang bersamamu karena cinta tanah air harus kita wujudkan bersama sama
Kata Mahasewa adalah ucapan BuzzeRp dan para pendukung die hard Mulyono utk mendowngrade perjuangan mahasiswa. Jangan coba-coba melawan mahasiswa saat didukung rakyat yg sedang mengalami kesusahan hidup.
"tenang, 285-+ jt rakyat Indonesia akan mengadili pemerintah di akhirat nanti"
buzzer template nya sama semua. basi
"dulu jokowi gini sekarang prabowo gini sabar lah kalian semua pak prabowo baru 4 bulan,emg gak tau rakyat maunya instan yee"
ğŸ™ğŸ»
"kacau sekali negara Indonesia tercinta saat ini...ngeri..
mega vs Mulyono
Prabowo vs mahasiswa
Gibran anteng tinggal tunggu tahta R1
#LindungiPrabowo"
lantas presiden seperti apa yg kalian inginkanğŸ—¿
kenapa Perampasan aset koruptor ga ikut di tuntut bangğŸ—¿
apakah semua itu prabowo sendiri yg mempunyai ide tersebut?
Giliran uu perampasan aset pada gk ada yg demoğŸ¤£ğŸ¤£
"Korupsi 300T cuma dihukum 6,5 taon, dimana keadilan. Percuma jadi negara demokrasi yg mayoritas ""beragama"", negara komunis bisa jauh lebih baik menegakkan hukum & keadilan ğŸ˜"
jakarta 2030 jadi spot mancing soalnya bg
ga gblk2 bnget gue ga kuliah jg demi Allah ğŸ˜‚ğŸ˜‚ğŸ˜‚kocakkk kocakkk
setelan gelap hancur negeri ini
"enak an presiden jokowi jirt, rakyat damai dan sejahtera ğŸ—¿"
Makassar sudah 3 hari demo besok lagi
saya bangga jd orang Indonesia
cari lapangan kerja susah
LUCUUU ğŸ˜‚ğŸ˜‚ğŸ˜‚
Pemerintah Dengarlah Suara Mahasiswa dan Rakyat....jgn Asiik sndiri dgn KKN
panjang umur hal-hal baik ğŸ™
Kampus UI tutup aja
ğŸ’—ğŸ’—ğŸ’—
SEMPURNA HANYA MILIK TUHAN
"""demonstrasi""?"
indonesia gelap = mahasiswa berkabut
"hama = mahasiswa,kuliah hasil tendang pintu ya ğŸ˜"
emang gas melon lagi langka beneran ya?
udah rusak di era jk malah dibikin tambah rusak di era wowo. bro pikir negara hanya punya dia aja kali
rakyat yang mana
siapapun presidennya pasti didemo aksksks
Aamiin..
"indonesia terbaik ğŸ’¯ğŸ‘
maju"
"#indolesiagelap
#kaburajadulu
#kitabersamasukatani"
Mentriiii kebanyakan artisss buat apaaaaa ???
"â–€â–ˆâ–€ â–ˆâ–€â–ˆ â–ˆâ–‘ â–ˆâ–€â–ˆ â–ˆ
â–‘â–ˆâ–‘ â–ˆâ–„â–ˆ â–ˆâ–„ â–ˆâ–„â–ˆ â–ˆ"
baru kali demo mahasiswa sangat lucu... ğŸ˜‚
"PRAMPSAN ASET SAHKAN WOYYY..
APA JANGAN JANGAN PARA BAPAK KALIAN (MAHASEWA) KORUPTOR SEMUA YA.."
oke gas cari gas jadi susah
"#IndonesiaGelap #IndonesiaGelap
#IndonesiaGelap #IndonesiaGelap
#IndonesiaGelap #IndonesiaGelap
#IndonesiaGelap #IndonesiaGelap
#IndonesiaGelap #IndonesiaGelap
#IndonesiaGelap #IndonesiaGelap
#IndonesiaGelap #IndonesiaGelap
#IndonesiaGelap #IndonesiaGelap
#DarkIndonesia ğŸš©ğŸš©ğŸš©"
info loker om
bikin macet mahasewa iniğŸ˜‚
â¤ï¸
penting pupuk sub lancar .. gabah naik ..
@vellyn:gini amat masa mudaku jir
"dan masih ada yg belain presiden sekarang, terus kalo ada yg pengen menyuarakan malah di bilang pendukung lainnya"
"Gelap Gelap Semuanya
kecuali Ganti pemerintah baru"
yg gelap itu kalian bukan rakyat
ğŸ¥°
1312âœŠğŸ»
kita ini di kerjain
"betul boss ,mkn turun kelapangan di Daerah gas elpiji masih sulit dan langka tp pemerintah seolah-olah tutup mata"
#kaburajadulu
hidup mahasiswa
pemangkasan dana pendidikan? lah cok duit pip gw pas smk 750 di korup 600rb sama pihak penyalur dan mungkin kepala sekolah juga udah di suap inisial kepala sekolah A J
alagh demo2 gt thn 98 tau aktivis demo skrg jd ap? jd politikus yg mreka demo dlu dn kelakuan mereka g jauh beda sm yg mreka protes dulu..
ğŸ˜
"ruu perampasan aset manağŸ—¿bukti klo emg dibayar oleh partai si anu sih, makanya yg tuntutan ruu perampasan aset ngga ada ğŸ—¿"
"jauh bgt, indo sama negara lain ketinggalan nya musti ada inovasi...buat maju"
ah indo gelap indo gelap emang indo kaya neraka
@Deddy Corbuzier
Sesuai orderan aja
kalau malam yah gelap ğŸ¤£
tempat gw gk ada makan grtis tuh
"UCAPAN ITU ""DOA"". YANG MINSETNYA ""INDONESIA GELAP"", JANGAN MENYESAL JIKA HIDUPNYA GELAP !!!"
"ini semenjak ada 1 partai mau di kucilkan, semua di buat"" rame hadehh tau kan apa itu ğŸ˜‚ğŸ˜‚ğŸ˜"
Coba di demo RUU perampasan aset...ngak brani yaa..
2037 puncak hancurnya indo
aku udah bayar polisi ğŸ™
balik kyk 1998?ğŸ’€
gas dilarang dijual ke warung kewarung pa Prabowo gesit lgsg memanggil ketua dan memperbolehkan lah lu anjir ga ada rakyat yang tertindas jdi gausah membawa nama masyarakat Indonesia oke
pas banget scrol ke bawah langsung live pendemo
"#alergiperadapan
#alergikemajuan"
@gerindra
ğŸ˜
mak nya nikmatin diskon listrik 50% anaknya sibuk demo bilang Indonesia gelapğŸ˜kalian yang kuliah sibuk demo sedangkan kami yang ngga kuliah sibuk kerja jadi wajar kalo kalian ngerasa paling menderita soalnya ngga kerjağŸ¤­
agak sedih ama komen nya banyak yang SDM ny rendah
"knapa pas pelantikan demo nya,knpa baru berkoar skarang .perlu nya berfikir sebelum kritik"
LAWANNNN!!!!
ğŸ˜‚
eleh kemarin aja cuma lagu di suruh klasifikasiğŸ—¿
aamiin
@bebassaee
ğŸ™‚
ğŸ˜‚
prabowo prabowo
ğŸ¥°
ribet bat ni negara tido pun tak sedap niğŸ˜¹
balik lagi dark ages
"coba itu mahasewa muncul dongg dri kemaren kmn aja coba pas uu perampasan aset masih rame"" nya??"
@partaigerindra
#kaburajadulu
ğŸ˜…ğŸ˜…ğŸ˜…
"HAHAHA RAKYAT PADA DEMO PEMERINTAH KEBINGUNGAN DLL,PEJABAT KORUPTOR SENENG SENENG MIKIRIN BUKAN URUSAN DIA HAHA"
"disuruh milih pendidikan gratis malah milih makan, inget penyesalan selalu datang di akhir. jadi jangan menyesal dengan pilihan kalian!!"
"secara ilmu, politik itu bersih dan seyogyanya hadir untuk tatanan bernegara, namun kebanyakan oknum terbuai akan kekuasaan yg menggunakan politik secara kotor (ini jadi pemicu kenapa branding politik itu kotor padahal jika diaplikasikan dengan baik branding politik di masyarakat akan bersih â€œpolitik sehatâ€) dan ini tidak satu atau dua orang ada banyak yang menyelewengkan keilmuan politik di kondisi praktis nya, dampaknya sangat beresiko ke masyarakat termasuk kita.
So, sekarang karna kita hidup di negara yang demokrasi apakah kita akan tinggal diam saja dan bersikap tidak peduli?"
QAU itu' me-putarbalik-kan Fakta..ğŸ˜Œ bagaimana ceritanya QAU bisa berpikir kalo ' Rakyat Takut '..?!ğŸ¤” sejak kapan Rakyat Takut?ğŸ¤” setahu AQ 'Pemerintah yg Takut pd Rakyat'..
"biarin aja biarin, ujung nya juga menikmati ğŸ˜ğŸ˜"
walau pesimis permimtaan rakyat di kabulkan ya minimal ada usaha dl
ajak mamak bapakmu juga buat demo nanti bisa buat beli beras duetnyağŸ¤£ğŸ¤£
#IndonesiaGelap
dah lah pindah ke jepang aja yk
"mreka dibayar njir,ada fto lagi bagi bagi angpao ğŸ˜‚ğŸ˜‚"
yg gelap mukanya mahasiswa
"mahasewa=hama
mahasiswa=mabarr"
ğŸ˜³ğŸ˜³ğŸ˜³
Aman itu saat pdi jd penguasa tidak ada demo
ya Allah dh dekat bangettğŸ˜¢ğŸ˜¢
ğŸ˜‚
ğŸ˜‚ğŸ˜‚ğŸ˜‚
"Terang dan gelapnya tergantung presiden,berani nggak berpihak ke rakyat,klu tidak kita lihat apa yg terjadiğŸ’ªğŸ’ªğŸ’ª"
itu yg gelap mahasiwanya bank
ğŸ˜„
ğŸ˜±
cinta tanah air bukan berarti cinta pemerintah
"aku punya kaos ""#IndonesiaGelap "", punya kaos ""NdasMu"" dan ""Kukira macan ternyata Meong"" siapa mo pesen???ğŸ˜‚"
perampasan aset kok ga didemo ğŸ™ˆ
"sahkan uud perampasan aset ga ada ya sesuai pesanan si pejabat, mahasewa = HAMA"
pengesahan RUU perampasan harta korupsinya donk disahin kenapa nggak ada yg peduli sih lelah rakyat ini
"bahas band sukatani yang klarifikasi bang, panas banget itu"
ğŸ‘ğŸ‘ğŸ‘
intinya salah pilih presiden aja sih
"kemarin, kamis, demo sebesar itu tapi media lokal diem ajağŸ˜”"
@asha ğŸ¤ 
ternaknya Mulyono=hama
indonesia yg gelap atau rakyat yg gelap si???rakyatnya aja masi bnyk yg maen judol
dari kemarin udah redup dan makin kesini makin Gelap
"mereka maunya langsung sukses mungkin, padahal gak ada yang instan kecuali mie instan.. ğŸ˜‚
yang komplain mungkin dia gak pernah berproses.."
"kapan sih gak pernah demo tiap ganti presiden..
dikira negara Indonesia seujung kuku kali ya..
tinggal sat set beres.."
anjay intonasi nya jadi beda ğŸ”¥
garaÂ² si joko
ternak Jokowi gak akan pernah sadar walaupun sampai kiamat ğŸ˜³
parah golput mau komen apa ?
#IndonesiaGelap
awas ilangğŸ˜³
#indonesiagelap
"kalau menurut gua, kasih kesempatan dulu pemerintahan baru buat bekerja, Indonesia gelap uda terjadi di pemerintahan sebelumnya ,"
"kata pak luhut, bukan Indonesia nya yang gelap, kita nya yang gelapğŸ”¥ğŸ”¥ğŸ”¥ğŸ”¥"
era kegelapan mulai
ğŸ¥ºğŸ¥ºğŸ¥ºğŸ¥ºğŸ¥ºğŸ¥º
"indonesia ga pernah maju dan ga akan maju, ga ad cahaya di ujung #indonesiagelap"
jujur capek jadi wni
@Rivaldi Fataah @Brandon Kent @Jonathan Liandi
ğŸ¥°ğŸ¥°ğŸ¥°ğŸ¥°
2025 indonesia gelapğŸ–¤
setiap ganti presiden Indonesia malah tambah mundur
"jahat banget yg berfikiran mhs demo dibayar..kuliah itu mahal, bisa kuliah krn ortu mampu dan juga cerdas, minta ortu juga dana ada, bukan dr demoğŸ¥º"
nyesel kan milih prabowoğŸ¤£ğŸ¤£ğŸ¤­
#kaburajadulu
AKU PESIMIS.ğŸ«¤ cuma bisa doa biar ngga hancur indonesia. #INDONESIAGELAP
gelap krn semua gak jelas
bahas satu institusi negara yang takut sama lagu sukatani
demo UU perampasan aset dong dek
"Aksi #Indonesia Gelap, adalah aksi yg dibayar dari uang Gelap (Uang Judol, Uang dari Hasil Korup dan Uang Haram)."
#indonesiahancur
#indonesia gelap
ğŸ˜‚
curiga kalo ibukota pindah ke Kalimantan salah satu alasan biar mahasiswa di Jawa susah demo... cuman curiga aja... pastinya kaga tauu yeee...â˜ºï¸
isinya bocahÂ² fomo yg siap jadi wayang yg di setir oleh dalang wkw
yg heboh perasaan Indonesia muluu..negara lain kek ga pernah kedengaran demo..
Belum ada output sudah ada aksi?
mahasewa anj
"udah ada yg pintar,malah pilih yg joget2,pilihan rakyat menggambarkan rakyat nya"
"yaa mahasewa yg model sperti ini yg membuat indonesia gelap. aplg demo hnya utk kepentingan klompok tertentu, tp bawa2 nama rakyat, yg ad makin gelap gulita ğŸ˜‚ğŸ˜‚"
"kalo mau gk gelap
pasang aj lampu bos biar terang"
ğŸ’—
"kalo isilop masih ky gt ( setiap kita ps ngalamin sendiri kan?)
Indonesia bakalan gelap terus terusan..."
njirr ternyata di bayar 150rban ğŸ¤£
"Indonesia bagus terang nyaman ceria Damai sentosa, sejahtera rakyat , tp tetap rakyat nya harus bekerja dr jalan dulu juga sperti itu siapa pun presiden nya"
takut uang partynya dipangkas yekan
ğŸ™
"Semangat Indonesia
kegelapan bisa terang dengan cahaya
begitu juga dengan indo diawal kesusahan pasti ada kemudahan...
#salamdarimalaysia"
ğŸ¥ºğŸ¥ºğŸ¥º
"masuk akal sih, klo kip sampe di pangkas trus mereka mau modif, nongki, skincare ran dpet drimana cb.."
#kamibersamasukatani
#IndonesiaGelap menuju #Indonesia RevolusiMoral
indonesia dengan kesibukanya
ğŸ”¥
ğŸ˜‚
"males ndelok ngenekiğŸ˜”, gelap apane jare"
Lanjuuuttttt
tapi kenapa tidak ada yg mendemo UU perampasan aset
Kabarin klo udah mendingan gw balik nanti takut di bilang gak nasionalis
@Argiâ›“ï¸nggeh
ğŸ‘ğŸ‘ğŸ‘ğŸ‘ğŸ‘
ğŸ‘ğŸ‘ğŸ‘ğŸ‘ğŸ‘
"negara apa sih ini, dulu di beri tau pada ngeyel tetep Prabowo sekarang pada demo, serah Lo semua dah"
tujuannya adalah propaganda
ğŸ”¥ğŸ”¥ğŸ”¥
DEMO=NGREPOTI GATEL
revolusi dan batal kan pilpres kemaren mantan mertua nya aj dulu tumbang
"ruu perampasan aset dikucilkan wkwkwk, coba taruh paling depan sebagai prioritas"
"bole lah demo, cuma jangan di tunggangi banteng ğŸ™„"
"arti Indonesia gelap adalah,,opini dari otak2 tolol yg malas bekerja yang ingin hidup foya foya.."
"Yg merasa GELAP,
hanya Koruptor dan Pendukungnya karena Hukum dan Efisiensi terus diTegakkan."
#kamibersamasukatani
tinggal nunggu setoran hahahaha
ğŸ¥°ğŸ¥°ğŸ¥°
"YANG GELAP BUKAN INDONESIA,TAPI OTAK PARA ORUPTOR DAN BENALU,HINGGA NYURUH MAHASEWA DEMO."
Semangat mahasiswağŸ’ªğŸ’ªğŸ’ª
pengesahan UU perampasan aset kapan di demo besar2n...
ini knp ya di era bersih bersih koruptor NKRI kaya ada sedikit kacaunya
MAJU TERUS MAHASISWA ğŸ‘ğŸ”¥ğŸ’ª
ada yg kurang perampasan aset korupsi
BUZZER = HAMA
ahahahahhahahahahahahahHhHhahHHahahhHHHHHHHahahahhahahahahahaahahahhahahahahahahHahHahahhahahahahahHHHHHahHHahahhahahahahahHHaHahhHHHHHHHHHHHahahahhahahahahahahahahahhahahahahahahahahahhahahahahaahahh
"semoga demo ini sukses, saya takut masadepan anak anak di Indonesia hancur"
capek bgt sama org2 ğŸ˜­
mewakili rakyat...? wkwkwk....
BENER BANGET TEORI NYOKAP GUE KALO BOWO MENANG PERLAHAN BAKAL ANCUR ET INI BARU 100H+ UDAH BEGINI WKWKWK
kayanya mau bubar
bakal kayak revolusi Prancis kah
semangat mahasiswa pahlawan negara
demo untuk peralihan isu korupsi kader PDIP ga si ğŸ—¿
yang kedua harus di hilangkan
kayanya gada dehğŸ—¿
artinya PDIP gelap
Banyak amat akun baser di sini jadi top komen
"DANANTARA=JUDOL.
makin GELAP aja INDONESIA"
"masih ga paham, bukannya lebih baik kepolian ri di reformasi, bukanya semua kebijakan itu berpihak ke orang orang kaya dan pejabat ya, kenapa rakya kecil demo? kok bisa sih aku masih blm kepikiran"
"ko gua g tau apa2 plis BG klo ad demo lagi kabarin gua mau Dateng gua mau lampiasin smua ya , dh muak bgt sumpah Ama negara sendiri ğŸ˜­"
masih gelap jaman jokowi
biasa disewa ya... atau nyewağŸ˜ƒğŸ¤£
ğŸ˜­ğŸ˜­ğŸ˜­ğŸ˜­
apakah gedung DPR akan di kuasai mahasiswa lagi?
kira kira akan ada isu apa ya untuk nutupin isu ini
@Bian
Bukann cuman ikutan fomo doang
"Rasain nanti udah kerja bener bang biar ngerti,giliran cair kip pada diem,kalo mau lebih ngerti lagi masuk ke dalem terjun ke politik biar ngerti bener"
"DEMO
jilid pertama Indonesia DARURAT
jilid kedua Indonesia GELAP
tebak jilid ketiga Indonesia APA?? ğŸ˜‚ğŸ˜‚"
giliran di senggol muncul tuh lagu KULIHAT IBU PERTIWI ğŸ¤£ğŸ˜¹ğŸ˜­ğŸ˜­ğŸ˜­
Insha Allah Bisa ğŸ˜ğŸ˜ğŸ˜
mantap mahasiswa ğŸ‘
Semangat mahasiswağŸ”¥
mana tuntutan pengesahan perampasan asset koruptor?
cek akun PDIP bang
"Kata template buzzer ternak mulyono :
1. cek akun gerindra
2. mahasewa
3. Ruu perampasan aset"
perampasan aset ga dituntut bwaang ???
yg demo gelap
yang gelap dunia mahasewa karena matanya ketutup duitğŸ¤£ğŸ¤£ jadi gelapğŸ¤£ğŸ¤£ gua ga takut.. buktinya gue tetep kerja dan bisa makanğŸ¤£ğŸ¤£
ğŸ˜­
"Mahasiswa2 yg bingung mudah digerakkan oposisi dan pihak2 yg terusik pundi2 uangnya dipangkas.. mahasiswa2 yg bingung ini seringkali turun ke jalan, tapi BUKAN ATAS NAMA RAKYAT KECIL"
"Indonesia gelap jika sudah malam..
Indonesia gelap jika demo bukan ditujukan untuk menuntut RUU perampasan aset pada ketua DPR
well ğŸ”¥ğŸ”¥"
#KaburAjaDulu
"mana yg bener ya yg megharapkan pak perabowo ko malah kaya gini untung saya tidak milih,jadi kaga nyesel,ğŸ¤£ğŸ˜‚ğŸ¤£ğŸ˜‚ğŸ¤£"
maju seluruh rakyat Indonesia rubah pemerintahan ini
"sedih
...melihat pemerintah kelola negara ini"
#IndonesiaTerang
mereka yang demo..bibit para korup...
@partaigerindra nyesel gua milih
hama
"Woiiii rakyat baik2 aja ,yg gk baik itu kalian ."
ğŸ¥º
ğŸ˜
"contoh bendera indo dimasa depan
â¬›â¬›â¬›
â¬œâ¬œâ¬œ
hitam, karena uang di gelapkan
putih, pura pura uang menjadi bersih"
lah kok komplen kan kemaren banyak yg milih beliau buat jdi kepala negarağŸ—¿
